CCCCAGACGCCGAGGATGGCCGTCATGGCGCCCCGAACCCTCCTCCTGCTACTCTCGGGGGCCCTGGCCC,
TGACCCAGACCTGGGCGGGTGAGTGCGGGGTCGGGAGGGAAACCGCCTCTGCGGGGAGAAGCAAGGGGCC,
CTCCTGGCGGGGGCGCAGGACCGGGGGAGCCGCGCCGGGAGGAGGGTCGGGCAGGTCTCAGCCACTGCTC,
GCCCCCAGGCTCCCACTCCATGAGGTATTTCTTCACATCCGTGTCCCGGCCCGGCCGCGGGGAGCCCCGC,
TTCATCGCCGTGGGCTACGTGGACGACACGCAGTTCGTGCGGTTCGACAGCGACGCCGCGAGCCAGAAGA,
TGGAGCCGCGGGCGCCGTGGATAGAGCAGGAGGGGCCGGAGTATTGGGACCAGGAGACACGGAATATGAA,
GGCCCACTCACAGACTGACCGAGCGAACCTGGGGACCCTGCGCGGCTACTACAACCAGAGCGAGGACGGT,
GAGTGACCCCGGCCCGGGGCGCAGGTCACGACCCCTCATCCCCCACGGACGGGCCAGGTCGCCCACAGTC,
TCCGGGTCCGAGATCCACCCCGAAGCCGCGGGACTCCGAGACCCTTGTCCCGGGAGAGGCCCAGGCGCCT,
TTACCCGGTTTCATTTTCAGTTTAGGCCAAAAATCCCCCCGGGTTGGTCGGGGCGGGGCGGGGCTCGGGG,
GACTGGGCTGACCGCGGGGTCGGGGCCAGGTTCTCACACCATCCAGATAATGTATGGCTGCGACGTGGGG,
CCGGACGGGCGCTTCCTCCGCGGGTACCGGCAGGACGCCTACGACGGCAAGGATTACATCGCCCTGAACG,
AGGACCTGCGCTCTTGGACCGCGGCGGACATGGCAGCTCAGATCACCAAGCGCAAGTGGGAGGCGGTCCA,
TGCGGCGGAGCAGCGGAGAGTCTACCTGGAGGGCCGGTGCGTGGACGGGCTCCGCAGATACCTGGAGAAC,
GGGAAGGAGACGCTGCAGCGCACGGGTACCAGGGGCCACGGGGCGCCTCCCTGATCGCCTATAGATCTCC,
CGGGCTGGCCTCCCACAAGGAGGGGAGACAATTGGGACCAACACTAGAATATCACCCTCCCTCTGGTCCT,
GAGGGAGAGGAATCCTCCTGGGTTTCCAGATCCTGTACCAGAGAGTGACTCTGAGGTTCCGCCCTGCTCT,
CTGACACAATTAAGGGATAAAATCTCTGAAGGAGTGACGGGAAGACGATCCCTCGAATACTGATGAGTGG,
TTCCCTTTGACACCGGCAGCAGCCTTGGGCCCGTGACTTTTCCTCTCAGGCCTTGTTCTCTGCTTCACAC,
TCAATGTGTGTGGGGGTCTGAGTCCAGCACTTCTGAGTCTCTCAGCCTCCACTCAGGTCAGGACCAGAAG,
TCGCTGTTCCCTTCTCAGGGAATAGAAGATTATCCCAGGTGCCTGTGTCCAGGCTGGTGTCTGGGTTCTG,
TGCTCTCTTCCCCATCCCGGGTGTCCTGTCCATTCTCAAGATGGCCACATGCGTGCTGGTGGAGTGTCCC,
ATGACAGATGCAAAATGCCTGAATTTTCTGACTCTTCCCGTCAGACCCCCCCAAGACACATATGACCCAC,
CACCCCATCTCTGACCATGAGGCCACCCTGAGGTGCTGGGCCCTGGGCTTCTACCCTGCGGAGATCACAC,
TGACCTGGCAGCGGGATGGGGAGGACCAGACCCAGGACACGGAGCTCGTGGAGACCAGGCCTGCAGGGGA,
TGGAACCTTCCAGAAGTGGGCGGCTGTGGTGGTGCCTTCTGGAGAGGAGCAGAGATACACCTGCCATGTG,
CAGCATGAGGGTCTGCCCAAGCCCCTCACCCTGAGATGGGGTAAGGAGGGAGATGGGGGTGTCATGTCTC,
TTAGGGAAAGCAGGAGCCTCTCTGGAGACCTTTAGCAGGGTCAGGGCCCCTCACCTTCCCCTCTTTTCCC,
AGAGCTGTCTTCCCAGCCCACCATCCCCATCGTGGGCATCATTGCTGGCCTGGTTCTCCTTGGAGCTGTG,
ATCACTGGAGCTGTGGTCGCTGCCGTGATGTGGAGGAGGAAGAGCTCAGGTGGAGAAGGGGTGAAGGGTG,
GGGTCTGAGATTTCTTGTCTCACTGAGGGTTCCAAGCCCCAGCTAGAAATGTGCCCTGTCTCATTACTGG,
GAAGCACCTTCCACAATCATGGGCCGACCCAGCCTGGGCCCTGTGTGCCAGCACTTACTCTTTTGTAAAG,
CACCTGTTAAAATGAAGGACAGATTTATCACCTTGATTACGGCGGTGATGGGACCTGATCCCAGCAGTCA,
CAAGTCACAGGGGAAGGTCCCTGAGGACAGACCTCAGGAGGGCTATTGGTCCAGGACCCACACCTGCTTT,
CTTCATGTTTCCTGATCCCGCCCTGGGTCTGCAGTCACACATTTCTGGAAACTTCTCTGGGGTCCAAGAC,
TAGGAGGTTCCTCTAGGACCTTAAGGCCCTGGCTCCTTTCTGGTATCTCACAGGACATTTTCTTCCCACA,
GATAGAAAAGGAGGGAGTTACACTCAGGCTGCAAGTAAGTATGAAGGAGGCTGATGCCTGAGGTCCTTGG,
GATATTGTGTTTGGGAGCCCATGGGGGAGCTCACCCACCCCACAATTCCTCCTCTAGCCACATCTTCTGT,
GGGATCTGACCAGGTTCTGTTTTTGTTCTACCCCAGGCAGTGACAGTGCCCAGGGCTCTGATGTGTCTCT,
CACAGCTTGTAAAGGTGAGAGCTTGGAGGGCCTGATGTGTGTTGGGTGTTGGGTGGAACAGTGGACACAG,
CTGTGCTATGGGGTTTCTTTGCGTTGGATGTATTGAGCATGCGATGGGCTGTTTAAGGTGTGACCCCTCA,
CTGTGATGGATATGAATTTGTTCATGAATATTTTTTTCTATAGTGTGAGACAGCTGCCTTGTGTGGGACT,
GAGAGGCAAGAGTTGTTCCTGCCCTTCCCTTTGTGACTTGAAGAACCCTGACTTTGTTTCTGCAAAGGCA,
CCTGCATGTGTCTGTGTTCGTGTAGGCATAATGTGAGGAGGTGGGGAGAGCACCCCACCCCCATGTCCAC,
CATGACCCT,
,
